<application>
  <component name="AdvancedSettings">
    <option name="settings">
      <map>
        <entry key="confirm.rerun.with.termination" value="false" />
        <entry key="documentation.components.enable.highlighting.of.links" value="true" />
        <entry key="localHistory.daysToKeep" value="14" />
        <entry key="start.run.configurations.pinned" value="true" />
        <entry key="terminal.escape.moves.focus.to.editor" value="false" />
      </map>
    </option>
  </component>
</application>