<code_scheme name="Default" version="173">
  <option name="LINE_SEPARATOR" value="&#10;" />
  <JavaCodeStyleSettings>
    <option name="VISIBILITY" value="private" />
    <option name="INSERT_OVERRIDE_ANNOTATION" value="false" />
  </JavaCodeStyleSettings>
  <TypeScriptCodeStyleSettings version="0">
    <option name="USE_PUBLIC_MODIFIER" value="true" />
    <option name="PREFER_EXPLICIT_TYPES_VARS_FIELDS" value="true" />
    <option name="PREFER_EXPLICIT_TYPES_FUNCTION_RETURNS" value="true" />
  </TypeScriptCodeStyleSettings>
</code_scheme>